,time,HR
0,00:00:00,87.0
1,00:01:00,91.0
2,00:02:00,90.0
3,00:03:00,88.0
4,00:04:00,86.0
5,00:05:00,89.0
6,00:06:00,86.0
7,00:07:00,85.0
8,00:08:00,81.0
9,00:09:00,88.0
10,00:10:00,89.0
11,00:11:00,90.0
12,00:12:00,88.0
13,00:13:00,89.0
14,00:14:00,83.0
15,00:15:00,93.0
16,00:16:00,101.0
17,00:17:00,97.0
18,00:18:00,83.0
19,00:19:00,84.0
20,00:20:00,82.0
21,00:21:00,77.0
22,00:22:00,78.0
23,00:23:00,76.0
24,00:24:00,78.0
25,00:25:00,78.0
26,00:26:00,70.0
27,00:27:00,70.0
28,00:28:00,75.0
29,00:29:00,77.0
30,00:30:00,78.0
31,00:31:00,77.0
32,00:32:00,77.0
33,00:33:00,79.0
34,00:34:00,77.0
35,00:35:00,78.0
36,00:36:00,78.0
37,00:37:00,74.0
38,00:38:00,78.0
39,00:39:00,84.0
40,00:40:00,76.0
41,00:41:00,81.0
42,00:42:00,80.0
43,00:43:00,82.0
44,00:44:00,81.0
45,00:45:00,77.0
46,00:46:00,77.0
47,00:47:00,76.0
48,00:48:00,89.0
49,00:49:00,75.0
50,00:50:00,73.0
51,00:51:00,70.0
52,00:52:00,70.0
53,00:53:00,68.0
54,00:54:00,69.0
55,00:55:00,68.0
56,00:56:00,67.0
57,00:57:00,68.0
58,00:58:00,67.0
59,00:59:00,66.0
60,01:00:00,67.0
61,01:01:00,66.0
62,01:02:00,67.0
63,01:03:00,68.0
64,01:04:00,67.0
65,01:05:00,68.0
66,01:06:00,66.0
67,01:07:00,67.0
68,01:08:00,66.0
69,01:09:00,65.0
70,01:10:00,65.0
71,01:11:00,64.0
72,01:12:00,65.0
73,01:13:00,64.0
74,01:14:00,64.0
75,01:15:00,64.0
76,01:16:00,64.0
77,01:17:00,64.0
78,01:18:00,63.0
79,01:19:00,62.0
80,01:20:00,63.0
81,01:21:00,62.0
82,01:22:00,63.0
83,01:23:00,62.0
84,01:24:00,62.0
85,01:25:00,59.0
86,01:26:00,61.0
87,01:27:00,61.0
88,01:28:00,61.0
89,01:29:00,61.0
90,01:30:00,61.0
91,01:31:00,61.0
92,01:32:00,61.0
93,01:33:00,60.0
94,01:34:00,59.0
95,01:35:00,60.0
96,01:36:00,59.0
97,01:37:00,60.0
98,01:38:00,60.0
99,01:39:00,60.0
100,01:40:00,59.0
101,01:41:00,59.0
102,01:42:00,58.0
103,01:43:00,58.0
104,01:44:00,58.0
105,01:45:00,57.0
106,01:46:00,58.0
107,01:47:00,59.0
108,01:48:00,58.0
109,01:49:00,59.0
110,01:50:00,58.0
111,01:51:00,58.0
112,01:52:00,57.0
113,01:53:00,58.0
114,01:54:00,57.0
115,01:55:00,58.0
116,01:56:00,58.0
117,01:57:00,58.0
118,01:58:00,57.0
119,01:59:00,57.0
120,02:00:00,58.0
121,02:01:00,58.0
122,02:02:00,57.0
123,02:03:00,57.0
124,02:04:00,57.0
125,02:05:00,56.0
126,02:06:00,57.0
127,02:07:00,55.0
128,02:08:00,55.0
129,02:09:00,55.0
130,02:10:00,54.0
131,02:11:00,57.0
132,02:12:00,66.0
133,02:13:00,53.0
134,02:14:00,56.0
135,02:15:00,57.0
136,02:16:00,57.0
137,02:17:00,57.0
138,02:18:00,58.0
139,02:19:00,61.0
140,02:20:00,59.0
141,02:21:00,58.0
142,02:22:00,58.0
143,02:23:00,59.0
144,02:24:00,59.0
145,02:25:00,63.0
146,02:26:00,60.0
147,02:27:00,60.0
148,02:28:00,61.0
149,02:29:00,60.0
150,02:30:00,61.0
151,02:31:00,61.0
152,02:32:00,61.0
153,02:33:00,60.0
154,02:34:00,62.0
155,02:35:00,62.0
156,02:36:00,64.0
157,02:37:00,69.0
158,02:38:00,68.0
159,02:39:00,56.0
160,02:40:00,57.0
161,02:41:00,57.0
162,02:42:00,57.0
163,02:43:00,57.0
164,02:44:00,58.0
165,02:45:00,58.0
166,02:46:00,58.0
167,02:47:00,58.0
168,02:48:00,57.0
169,02:49:00,57.0
170,02:50:00,58.0
171,02:51:00,58.0
172,02:52:00,61.0
173,02:53:00,58.0
174,02:54:00,57.0
175,02:55:00,58.0
176,02:56:00,57.0
177,02:57:00,58.0
178,02:58:00,57.0
179,02:59:00,57.0
180,03:00:00,58.0
181,03:01:00,57.0
182,03:02:00,57.0
183,03:03:00,59.0
184,03:04:00,55.0
185,03:05:00,57.0
186,03:06:00,56.0
187,03:07:00,57.0
188,03:08:00,57.0
189,03:09:00,56.0
190,03:10:00,55.0
191,03:11:00,57.0
192,03:12:00,57.0
193,03:13:00,59.0
194,03:14:00,58.0
195,03:15:00,57.0
196,03:16:00,61.0
197,03:17:00,55.0
198,03:18:00,55.0
199,03:19:00,57.0
200,03:20:00,57.0
201,03:21:00,57.0
202,03:22:00,56.0
203,03:23:00,57.0
204,03:24:00,61.0
205,03:25:00,59.0
206,03:26:00,56.0
207,03:27:00,56.0
208,03:28:00,57.0
209,03:29:00,56.0
210,03:30:00,57.0
211,03:31:00,57.0
212,03:32:00,57.0
213,03:33:00,57.0
214,03:34:00,57.0
215,03:35:00,56.0
216,03:36:00,56.0
217,03:37:00,56.0
218,03:38:00,56.0
219,03:39:00,57.0
220,03:40:00,56.0
221,03:41:00,56.0
222,03:42:00,61.0
223,03:43:00,60.0
224,03:44:00,56.0
225,03:45:00,58.0
226,03:46:00,59.0
227,03:47:00,59.0
228,03:48:00,59.0
229,03:49:00,59.0
230,03:50:00,58.0
231,03:51:00,57.0
232,03:52:00,57.0
233,03:53:00,58.0
234,03:54:00,57.0
235,03:55:00,57.0
236,03:56:00,58.0
237,03:57:00,59.0
238,03:58:00,59.0
239,03:59:00,59.0
240,04:00:00,59.0
241,04:01:00,58.0
242,04:02:00,58.0
243,04:03:00,58.0
244,04:04:00,59.0
245,04:05:00,57.0
246,04:06:00,58.0
247,04:07:00,58.0
248,04:08:00,58.0
249,04:09:00,58.0
250,04:10:00,69.0
251,04:11:00,55.0
252,04:12:00,54.0
253,04:13:00,55.0
254,04:14:00,55.0
255,04:15:00,56.0
256,04:16:00,56.0
257,04:17:00,58.0
258,04:18:00,59.0
259,04:19:00,59.0
260,04:20:00,60.0
261,04:21:00,59.0
262,04:22:00,60.0
263,04:23:00,59.0
264,04:24:00,56.0
265,04:25:00,57.0
266,04:26:00,55.0
267,04:27:00,55.0
268,04:28:00,57.0
269,04:29:00,68.0
270,04:30:00,62.0
271,04:31:00,58.0
272,04:32:00,60.0
273,04:33:00,59.0
274,04:34:00,59.0
275,04:35:00,58.0
276,04:36:00,57.0
277,04:37:00,63.0
278,04:38:00,59.0
279,04:39:00,56.0
280,04:40:00,57.0
281,04:41:00,57.0
282,04:42:00,55.0
283,04:43:00,57.0
284,04:44:00,51.0
285,04:45:00,51.0
286,04:46:00,52.0
287,04:47:00,52.0
288,04:48:00,53.0
289,04:49:00,53.0
290,04:50:00,62.0
291,04:51:00,56.0
292,04:52:00,53.0
293,04:53:00,55.0
294,04:54:00,59.0
295,04:55:00,54.0
296,04:56:00,53.0
297,04:57:00,51.0
298,04:58:00,51.0
299,04:59:00,52.0
300,05:00:00,54.0
301,05:01:00,54.0
302,05:02:00,61.0
303,05:03:00,52.0
304,05:04:00,55.0
305,05:05:00,53.0
306,05:06:00,53.0
307,05:07:00,55.0
308,05:08:00,52.0
309,05:09:00,54.0
310,05:10:00,55.0
311,05:11:00,57.0
312,05:12:00,55.0
313,05:13:00,56.0
314,05:14:00,54.0
315,05:15:00,54.0
316,05:16:00,54.0
317,05:17:00,57.0
318,05:18:00,56.0
319,05:19:00,56.0
320,05:20:00,56.0
321,05:21:00,56.0
322,05:22:00,57.0
323,05:23:00,56.0
324,05:24:00,56.0
325,05:25:00,57.0
326,05:26:00,58.0
327,05:27:00,58.0
328,05:28:00,58.0
329,05:29:00,58.0
330,05:30:00,58.0
331,05:31:00,58.0
332,05:32:00,57.0
333,05:33:00,59.0
334,05:34:00,57.0
335,05:35:00,57.0
336,05:36:00,57.0
337,05:37:00,59.0
338,05:38:00,58.0
339,05:39:00,58.0
340,05:40:00,57.0
341,05:41:00,58.0
342,05:42:00,57.0
343,05:43:00,60.0
344,05:44:00,58.0
345,05:45:00,53.0
346,05:46:00,55.0
347,05:47:00,55.0
348,05:48:00,54.0
349,05:49:00,55.0
350,05:50:00,55.0
351,05:51:00,57.0
352,05:52:00,54.0
353,05:53:00,56.0
354,05:54:00,55.0
355,05:55:00,56.0
356,05:56:00,56.0
357,05:57:00,56.0
358,05:58:00,55.0
359,05:59:00,57.0
360,06:00:00,56.0
361,06:01:00,56.0
362,06:02:00,55.0
363,06:03:00,57.0
364,06:04:00,56.0
365,06:05:00,56.0
366,06:06:00,58.0
367,06:07:00,57.0
368,06:08:00,57.0
369,06:09:00,58.0
370,06:10:00,59.0
371,06:11:00,64.0
372,06:12:00,54.0
373,06:13:00,55.0
374,06:14:00,56.0
375,06:15:00,56.0
376,06:16:00,57.0
377,06:17:00,57.0
378,06:18:00,56.0
379,06:19:00,55.0
380,06:20:00,55.0
381,06:21:00,55.0
382,06:22:00,55.0
383,06:23:00,57.0
384,06:24:00,59.0
385,06:25:00,52.0
386,06:26:00,52.0
387,06:27:00,52.0
388,06:28:00,53.0
389,06:29:00,54.0
390,06:30:00,54.0
391,06:31:00,53.0
392,06:32:00,54.0
393,06:33:00,54.0
394,06:34:00,53.0
395,06:35:00,53.0
396,06:36:00,55.0
397,06:37:00,53.0
398,06:38:00,53.0
399,06:39:00,54.0
400,06:40:00,53.0
401,06:41:00,55.0
402,06:42:00,55.0
403,06:43:00,53.0
404,06:44:00,53.0
405,06:45:00,55.0
406,06:46:00,56.0
407,06:47:00,55.0
408,06:48:00,54.0
409,06:49:00,57.0
410,06:50:00,64.0
411,06:51:00,55.0
412,06:52:00,54.0
413,06:53:00,58.0
414,06:54:00,59.0
415,06:55:00,71.0
416,06:56:00,59.0
417,06:57:00,58.0
418,06:58:00,59.0
419,06:59:00,61.0
420,07:00:00,63.0
421,07:01:00,57.0
422,07:02:00,57.0
423,07:03:00,57.0
424,07:04:00,59.0
425,07:05:00,61.0
426,07:06:00,54.0
427,07:07:00,60.0
428,07:08:00,53.0
429,07:09:00,51.0
430,07:10:00,51.0
431,07:11:00,52.0
432,07:12:00,55.0
433,07:13:00,57.0
434,07:14:00,58.0
435,07:15:00,56.0
436,07:16:00,53.0
437,07:17:00,58.0
438,07:18:00,54.0
439,07:19:00,53.0
440,07:20:00,66.0
441,07:21:00,57.0
442,07:22:00,53.0
443,07:23:00,56.0
444,07:24:00,50.0
445,07:25:00,51.0
446,07:26:00,51.0
447,07:27:00,51.0
448,07:28:00,53.0
449,07:29:00,51.0
450,07:30:00,51.0
451,07:31:00,62.0
452,07:32:00,51.0
453,07:33:00,51.0
454,07:34:00,53.0
455,07:35:00,50.0
456,07:36:00,49.0
457,07:37:00,51.0
458,07:38:00,55.0
459,07:39:00,52.0
460,07:40:00,50.0
461,07:41:00,51.0
462,07:42:00,52.0
463,07:43:00,52.0
464,07:44:00,51.0
465,07:45:00,52.0
466,07:46:00,52.0
467,07:47:00,53.0
468,07:48:00,54.0
469,07:49:00,53.0
470,07:50:00,53.0
471,07:51:00,54.0
472,07:52:00,53.0
473,07:53:00,52.0
474,07:54:00,53.0
475,07:55:00,52.0
476,07:56:00,53.0
477,07:57:00,54.0
478,07:58:00,55.0
479,07:59:00,55.0
480,08:00:00,55.0
481,08:01:00,54.0
482,08:02:00,56.0
483,08:03:00,54.0
484,08:04:00,55.0
485,08:05:00,56.0
486,08:06:00,55.0
487,08:07:00,55.0
488,08:08:00,63.0
489,08:09:00,56.0
490,08:10:00,54.0
491,08:11:00,54.0
492,08:12:00,59.0
493,08:13:00,63.0
494,08:14:00,54.0
495,08:15:00,52.0
496,08:16:00,53.0
497,08:17:00,53.0
498,08:18:00,56.0
499,08:19:00,54.0
500,08:20:00,60.0
501,08:21:00,55.0
502,08:22:00,53.0
503,08:23:00,51.0
504,08:24:00,52.0
505,08:25:00,57.0
506,08:26:00,59.0
507,08:27:00,52.0
508,08:28:00,52.0
509,08:29:00,52.0
510,08:30:00,52.0
511,08:31:00,52.0
512,08:32:00,54.0
513,08:33:00,52.0
514,08:34:00,57.0
515,08:35:00,53.0
516,08:36:00,53.0
517,08:37:00,53.0
518,08:38:00,54.0
519,08:39:00,56.0
520,08:40:00,54.0
521,08:41:00,53.0
522,08:42:00,53.0
523,08:43:00,54.0
524,08:44:00,53.0
525,08:45:00,54.0
526,08:46:00,54.0
527,08:47:00,52.0
528,08:48:00,55.0
529,08:49:00,54.0
530,08:50:00,55.0
531,08:51:00,53.0
532,08:52:00,53.0
533,08:53:00,53.0
534,08:54:00,54.0
535,08:55:00,53.0
536,08:56:00,54.0
537,08:57:00,54.0
538,08:58:00,54.0
539,08:59:00,55.0
540,09:00:00,55.0
541,09:01:00,56.0
542,09:02:00,55.0
543,09:03:00,55.0
544,09:04:00,74.0
545,09:05:00,56.0
546,09:06:00,64.0
547,09:07:00,57.0
548,09:08:00,56.0
549,09:09:00,54.0
550,09:10:00,54.0
551,09:11:00,50.0
552,09:12:00,52.0
553,09:13:00,62.0
554,09:14:00,52.0
555,09:15:00,55.0
556,09:16:00,55.0
557,09:17:00,55.0
558,09:18:00,56.0
559,09:19:00,56.0
560,09:20:00,69.0
561,09:21:00,64.0
562,09:22:00,60.0
563,09:23:00,52.0
564,09:24:00,54.0
565,09:25:00,61.0
566,09:26:00,51.0
567,09:27:00,52.0
568,09:28:00,54.0
569,09:29:00,54.0
570,09:30:00,52.0
571,09:31:00,53.0
572,09:32:00,53.0
573,09:33:00,62.0
574,09:34:00,52.0
575,09:35:00,53.0
576,09:36:00,51.0
577,09:37:00,57.0
578,09:38:00,56.0
579,09:39:00,54.0
580,09:40:00,67.0
581,09:41:00,58.0
582,09:42:00,63.0
583,09:43:00,59.0
584,09:44:00,57.0
585,09:45:00,59.0
586,09:46:00,59.0
587,09:47:00,57.0
588,09:48:00,57.0
589,09:49:00,64.0
590,09:50:00,56.0
591,09:51:00,58.0
592,09:52:00,58.0
593,09:53:00,62.0
594,09:54:00,60.0
595,09:55:00,69.0
596,09:56:00,61.0
597,09:57:00,56.0
598,09:58:00,58.0
599,09:59:00,55.0
600,10:00:00,70.0
601,10:01:00,75.0
602,10:02:00,83.0
603,10:03:00,87.0
604,10:04:00,81.0
605,10:05:00,78.0
606,10:06:00,84.0
607,10:07:00,74.0
608,10:08:00,74.0
609,10:09:00,72.0
610,10:10:00,76.0
611,10:11:00,70.0
612,10:12:00,68.0
613,10:13:00,78.0
614,10:14:00,74.0
615,10:15:00,70.0
616,10:16:00,70.0
617,10:17:00,69.0
618,10:18:00,63.0
619,10:19:00,67.0
620,10:20:00,67.0
621,10:21:00,65.0
622,10:22:00,63.0
623,10:23:00,67.0
624,10:24:00,63.0
625,10:25:00,63.0
626,10:26:00,62.0
627,10:27:00,66.0
628,10:28:00,65.0
629,10:29:00,65.0
630,10:30:00,64.0
631,10:31:00,63.0
632,10:32:00,65.0
633,10:33:00,71.0
634,10:34:00,73.0
635,10:35:00,69.0
636,10:36:00,68.0
637,10:37:00,66.0
638,10:38:00,66.0
639,10:39:00,67.0
640,10:40:00,72.0
641,10:41:00,85.0
642,10:42:00,72.0
643,10:43:00,62.0
644,10:44:00,68.0
645,10:45:00,90.0
646,10:46:00,98.0
647,10:47:00,79.0
648,10:48:00,67.0
649,10:49:00,75.0
650,10:50:00,71.0
651,10:51:00,69.0
652,10:52:00,87.0
653,10:53:00,101.0
654,10:54:00,107.0
655,10:55:00,112.0
656,10:56:00,73.0
657,10:57:00,71.0
658,10:58:00,79.0
659,10:59:00,73.0
660,11:00:00,77.0
661,11:01:00,71.0
662,11:02:00,73.0
663,11:03:00,82.0
664,11:04:00,86.0
665,11:05:00,68.0
666,11:06:00,76.0
667,11:07:00,81.0
668,11:08:00,74.0
669,11:09:00,77.0
670,11:10:00,74.0
671,11:11:00,79.0
672,11:12:00,86.0
673,11:13:00,77.0
674,11:14:00,75.0
675,11:15:00,80.0
676,11:16:00,80.0
677,11:17:00,75.0
678,11:18:00,73.0
679,11:19:00,75.0
680,11:20:00,75.0
681,11:21:00,75.0
682,11:22:00,74.0
683,11:23:00,77.0
684,11:24:00,78.0
685,11:25:00,85.0
686,11:26:00,80.0
687,11:27:00,82.0
688,11:28:00,83.0
689,11:29:00,78.0
690,11:30:00,84.0
691,11:31:00,85.0
692,11:32:00,81.0
693,11:33:00,81.0
694,11:34:00,81.0
695,11:35:00,82.0
696,11:36:00,85.0
697,11:37:00,84.0
698,11:38:00,82.0
699,11:39:00,81.0
700,11:40:00,85.0
701,11:41:00,83.0
702,11:42:00,82.0
703,11:43:00,84.0
704,11:44:00,78.0
705,11:45:00,76.0
706,11:46:00,78.0
707,11:47:00,80.0
708,11:48:00,82.0
709,11:49:00,78.0
710,11:50:00,75.0
711,11:51:00,77.0
712,11:52:00,76.0
713,11:53:00,79.0
714,11:54:00,81.0
715,11:55:00,76.0
716,11:56:00,79.0
717,11:57:00,75.0
718,11:58:00,75.0
719,11:59:00,78.0
720,12:00:00,77.0
721,12:01:00,77.0
722,12:02:00,87.0
723,12:03:00,95.0
724,12:04:00,89.0
725,12:05:00,90.0
726,12:06:00,95.0
727,12:07:00,82.0
728,12:08:00,88.0
729,12:09:00,92.0
730,12:10:00,90.0
731,12:11:00,91.0
732,12:12:00,94.0
733,12:13:00,84.0
734,12:14:00,85.0
735,12:15:00,93.0
736,12:16:00,95.0
737,12:17:00,94.0
738,12:18:00,95.0
739,12:19:00,91.0
740,12:20:00,90.0
741,12:21:00,97.0
742,12:22:00,90.0
743,12:23:00,83.0
744,12:24:00,87.0
745,12:25:00,101.0
746,12:26:00,94.0
747,12:27:00,90.0
748,12:28:00,99.0
749,12:29:00,97.0
750,12:30:00,99.0
751,12:31:00,101.0
752,12:32:00,97.0
753,12:33:00,99.0
754,12:34:00,101.0
755,12:35:00,95.0
756,12:36:00,98.0
757,12:37:00,90.0
758,12:38:00,99.0
759,12:39:00,84.0
760,12:40:00,92.0
761,12:41:00,92.0
762,12:42:00,88.0
763,12:43:00,88.0
764,12:44:00,88.0
765,12:45:00,87.0
766,12:46:00,88.0
767,12:47:00,87.0
768,12:48:00,83.0
769,12:49:00,84.0
770,12:50:00,87.0
771,12:51:00,87.0
772,12:52:00,89.0
773,12:53:00,85.0
774,12:54:00,85.0
775,12:55:00,84.0
776,12:56:00,85.0
777,12:57:00,84.0
778,12:58:00,93.0
779,12:59:00,92.0
780,13:00:00,99.0
781,13:01:00,89.0
782,13:02:00,86.0
783,13:03:00,90.0
784,13:04:00,90.0
785,13:05:00,86.0
786,13:06:00,86.0
787,13:07:00,84.0
788,13:08:00,85.0
789,13:09:00,88.0
790,13:10:00,91.0
791,13:11:00,89.0
792,13:12:00,86.0
793,13:13:00,87.0
794,13:14:00,87.0
795,13:15:00,88.0
796,13:16:00,89.0
797,13:17:00,90.0
798,13:18:00,92.0
799,13:19:00,87.0
800,13:20:00,86.0
801,13:21:00,88.0
802,13:22:00,89.0
803,13:23:00,87.0
804,13:24:00,92.0
805,15:10:00,88.0
806,15:11:00,92.0
807,15:12:00,97.0
808,15:13:00,99.0
809,15:14:00,101.0
810,15:15:00,100.0
811,15:16:00,96.0
812,15:17:00,96.0
813,15:18:00,90.0
814,15:19:00,89.0
815,15:20:00,101.0
816,15:21:00,95.0
817,15:22:00,101.0
818,15:23:00,101.0
819,15:24:00,85.0
820,15:25:00,94.0
821,15:26:00,87.0
822,15:27:00,89.0
823,15:28:00,92.0
824,15:29:00,91.0
825,15:30:00,94.0
826,15:31:00,89.0
827,15:32:00,86.0
828,15:33:00,92.0
829,15:34:00,93.0
830,15:35:00,86.0
831,15:36:00,87.0
832,15:37:00,77.0
833,15:38:00,82.0
834,15:39:00,82.0
835,15:40:00,83.0
836,15:41:00,83.0
837,15:42:00,79.0
838,15:43:00,93.0
839,15:44:00,93.0
840,15:45:00,110.0
841,15:46:00,95.0
842,15:47:00,93.0
843,15:48:00,92.0
844,15:49:00,97.0
845,15:50:00,104.0
846,15:51:00,101.0
847,15:52:00,92.0
848,15:53:00,104.0
849,15:54:00,109.0
850,15:55:00,107.0
851,15:56:00,104.0
852,15:57:00,106.0
853,15:58:00,100.0
854,15:59:00,100.0
855,16:00:00,105.0
856,16:01:00,104.0
857,16:02:00,100.0
858,16:03:00,97.0
859,16:04:00,100.0
860,16:05:00,92.0
861,16:06:00,90.0
862,16:07:00,93.0
863,16:08:00,94.0
864,16:09:00,94.0
865,16:10:00,93.0
866,16:11:00,90.0
867,16:12:00,92.0
868,16:13:00,98.0
869,16:14:00,90.0
870,16:15:00,97.0
871,16:16:00,98.0
872,16:17:00,94.0
873,16:18:00,94.0
874,16:19:00,93.0
875,16:20:00,98.0
876,16:21:00,99.0
877,16:22:00,104.0
878,16:23:00,99.0
879,16:24:00,97.0
880,16:25:00,97.0
881,16:26:00,103.0
882,16:27:00,99.0
883,16:28:00,89.0
884,16:29:00,97.0
885,16:30:00,95.0
886,16:31:00,91.0
887,16:32:00,94.0
888,16:33:00,96.0
889,16:34:00,94.0
890,16:35:00,98.0
891,16:36:00,94.0
892,16:37:00,90.0
893,16:38:00,95.0
894,16:39:00,96.0
895,16:40:00,91.0
896,16:41:00,98.0
897,16:42:00,91.0
898,16:43:00,90.0
899,16:44:00,94.0
900,16:45:00,96.0
901,16:46:00,90.0
902,16:47:00,102.0
903,16:48:00,109.0
904,16:49:00,105.0
905,16:50:00,102.0
906,16:51:00,91.0
907,16:52:00,101.0
908,16:53:00,102.0
909,16:54:00,100.0
910,16:55:00,101.0
911,16:56:00,97.0
912,16:57:00,90.0
913,16:58:00,97.0
914,16:59:00,100.0
915,17:00:00,100.0
916,17:01:00,104.0
917,17:02:00,100.0
918,17:03:00,97.0
919,17:04:00,102.0
920,17:05:00,94.0
921,17:06:00,96.0
922,17:07:00,91.0
923,17:08:00,87.0
924,17:09:00,86.0
925,17:10:00,91.0
926,17:11:00,93.0
927,17:12:00,93.0
928,17:13:00,92.0
929,17:14:00,89.0
930,17:15:00,98.0
931,17:16:00,91.0
932,17:17:00,89.0
933,17:18:00,94.0
934,17:19:00,96.0
935,17:20:00,93.0
936,17:21:00,85.0
937,17:22:00,91.0
938,17:23:00,90.0
939,17:24:00,97.0
940,17:25:00,97.0
941,17:26:00,100.0
942,17:27:00,94.0
943,17:28:00,89.0
944,17:29:00,103.0
945,17:30:00,94.0
946,17:31:00,92.0
947,17:32:00,93.0
948,17:33:00,96.0
949,17:34:00,99.0
950,17:35:00,97.0
951,17:36:00,99.0
952,17:37:00,104.0
953,17:38:00,104.0
954,17:39:00,96.0
955,17:40:00,108.0
956,17:41:00,108.0
957,17:42:00,110.0
958,17:43:00,102.0
959,17:44:00,110.0
960,17:45:00,109.0
961,17:46:00,111.0
962,17:47:00,103.0
963,17:48:00,101.0
964,17:49:00,102.0
965,17:50:00,99.0
966,17:51:00,104.0
967,17:52:00,101.0
968,17:53:00,100.0
969,17:54:00,97.0
970,17:55:00,98.0
971,17:56:00,102.0
972,17:57:00,99.0
973,17:58:00,101.0
974,17:59:00,104.0
975,18:00:00,103.0
976,18:01:00,101.0
977,18:02:00,106.0
978,18:03:00,108.0
979,18:04:00,114.0
980,18:05:00,112.0
981,18:06:00,104.0
982,18:07:00,104.0
983,18:08:00,105.0
984,18:09:00,108.0
985,18:10:00,102.0
986,18:11:00,113.0
987,18:12:00,112.0
988,18:13:00,121.0
989,18:14:00,121.0
990,18:15:00,115.0
991,18:16:00,116.0
992,18:17:00,115.0
993,18:18:00,112.0
994,18:19:00,114.0
995,18:20:00,125.0
996,18:21:00,111.0
997,18:22:00,113.0
998,18:23:00,117.0
999,18:24:00,116.0
1000,18:25:00,116.0
1001,18:26:00,104.0
1002,18:27:00,103.0
1003,18:28:00,113.0
1004,18:29:00,105.0
1005,18:30:00,98.0
1006,18:31:00,108.0
1007,18:32:00,112.0
1008,18:33:00,116.0
1009,18:34:00,120.0
1010,18:35:00,115.0
1011,18:36:00,104.0
1012,18:37:00,110.0
1013,18:38:00,112.0
1014,18:39:00,115.0
1015,18:40:00,112.0
1016,18:41:00,108.0
1017,18:42:00,106.0
1018,18:43:00,114.0
1019,18:44:00,109.0
1020,18:45:00,115.0
1021,18:46:00,108.0
1022,18:47:00,107.0
1023,18:48:00,113.0
1024,18:49:00,115.0
1025,18:50:00,115.0
1026,18:51:00,108.0
1027,18:52:00,113.0
1028,18:53:00,112.0
1029,18:54:00,113.0
1030,18:55:00,109.0
1031,18:56:00,102.0
1032,18:57:00,112.0
1033,18:58:00,108.0
1034,18:59:00,107.0
1035,19:00:00,114.0
1036,19:01:00,113.0
1037,19:02:00,104.0
1038,19:03:00,110.0
1039,19:04:00,115.0
1040,19:05:00,104.0
1041,19:06:00,104.0
1042,19:07:00,105.0
1043,19:08:00,102.0
1044,19:09:00,108.0
1045,19:10:00,98.0
1046,19:11:00,108.0
1047,19:12:00,115.0
1048,19:13:00,111.0
1049,19:14:00,107.0
1050,19:15:00,116.0
1051,19:16:00,111.0
1052,19:17:00,103.0
1053,19:18:00,103.0
1054,19:19:00,107.0
1055,19:20:00,109.0
1056,19:21:00,106.0
1057,19:22:00,107.0
1058,19:23:00,110.0
1059,19:24:00,108.0
1060,19:25:00,111.0
1061,19:26:00,118.0
1062,19:27:00,115.0
1063,19:28:00,116.0
1064,19:29:00,113.0
1065,19:30:00,115.0
1066,19:31:00,111.0
1067,19:32:00,120.0
1068,19:33:00,115.0
1069,19:34:00,110.0
1070,19:35:00,111.0
1071,19:36:00,114.0
1072,19:37:00,119.0
1073,19:38:00,114.0
1074,19:39:00,107.0
1075,19:40:00,115.0
1076,19:41:00,117.0
1077,19:42:00,110.0
1078,19:43:00,117.0
1079,19:44:00,107.0
1080,19:45:00,107.0
1081,19:46:00,108.0
1082,19:47:00,112.0
1083,19:48:00,112.0
1084,19:49:00,108.0
1085,19:50:00,116.0
1086,19:51:00,119.0
1087,19:52:00,109.0
1088,19:53:00,118.0
1089,19:54:00,110.0
1090,19:55:00,106.0
1091,19:56:00,124.0
1092,19:57:00,136.0
1093,19:58:00,126.0
1094,19:59:00,116.0
1095,20:00:00,113.0
1096,20:01:00,113.0
1097,20:02:00,115.0
1098,20:03:00,122.0
1099,20:04:00,110.0
1100,20:05:00,112.0
1101,20:06:00,119.0
1102,20:07:00,127.0
1103,20:08:00,129.0
1104,20:09:00,129.0
1105,20:10:00,122.0
1106,20:11:00,117.0
1107,20:12:00,115.0
1108,20:13:00,119.0
1109,20:14:00,123.0
1110,20:15:00,122.0
1111,20:16:00,114.0
1112,20:17:00,118.0
1113,20:18:00,115.0
1114,20:19:00,112.0
1115,20:20:00,108.0
1116,20:21:00,112.0
1117,20:22:00,118.0
1118,20:23:00,119.0
1119,20:24:00,112.0
1120,20:25:00,109.0
1121,20:26:00,111.0
1122,20:27:00,110.0
1123,20:28:00,115.0
1124,20:29:00,113.0
1125,20:30:00,114.0
1126,20:31:00,114.0
1127,20:32:00,117.0
1128,20:33:00,114.0
1129,20:34:00,114.0
1130,20:35:00,112.0
1131,20:36:00,112.0
1132,20:37:00,116.0
1133,20:38:00,108.0
1134,20:39:00,110.0
1135,20:40:00,112.0
1136,20:41:00,111.0
1137,20:42:00,110.0
1138,20:43:00,114.0
1139,20:44:00,114.0
1140,20:45:00,106.0
1141,20:46:00,110.0
1142,20:47:00,110.0
1143,20:48:00,113.0
1144,20:49:00,112.0
1145,20:50:00,112.0
1146,20:51:00,109.0
1147,20:52:00,107.0
1148,20:53:00,110.0
1149,20:54:00,112.0
1150,20:55:00,116.0
1151,20:56:00,114.0
1152,20:57:00,113.0
1153,20:58:00,110.0
1154,20:59:00,118.0
1155,21:00:00,119.0
1156,21:01:00,119.0
1157,21:02:00,113.0
1158,21:03:00,116.0
1159,21:04:00,123.0
1160,21:05:00,118.0
1161,21:06:00,113.0
1162,21:07:00,115.0
1163,21:08:00,117.0
1164,21:09:00,109.0
1165,21:10:00,114.0
1166,21:11:00,111.0
1167,21:12:00,112.0
1168,21:13:00,119.0
1169,21:14:00,117.0
1170,21:15:00,114.0
1171,21:16:00,112.0
1172,21:17:00,106.0
1173,21:18:00,106.0
1174,21:19:00,105.0
1175,21:20:00,104.0
1176,21:21:00,104.0
1177,21:22:00,105.0
1178,21:23:00,106.0
1179,21:24:00,105.0
1180,21:25:00,104.0
1181,21:26:00,99.0
1182,21:27:00,103.0
1183,21:28:00,103.0
1184,21:29:00,103.0
1185,21:30:00,101.0
1186,21:31:00,101.0
1187,21:32:00,102.0
1188,21:33:00,103.0
1189,21:34:00,104.0
1190,21:35:00,111.0
1191,21:36:00,112.0
1192,21:37:00,112.0
1193,21:38:00,122.0
1194,21:39:00,118.0
1195,21:40:00,123.0
1196,21:41:00,114.0
1197,21:42:00,111.0
1198,21:43:00,116.0
1199,21:44:00,120.0
1200,21:45:00,114.0
1201,21:46:00,137.0
1202,21:47:00,133.0
1203,21:48:00,125.0
1204,21:49:00,124.0
1205,21:50:00,122.0
1206,21:51:00,121.0
1207,21:52:00,122.0
1208,21:53:00,134.0
1209,21:54:00,122.0
1210,21:55:00,122.0
1211,21:56:00,134.0
1212,21:57:00,133.0
1213,21:58:00,129.0
1214,21:59:00,123.0
1215,22:00:00,119.0
1216,22:01:00,116.0
1217,22:02:00,110.0
1218,22:03:00,110.0
1219,22:04:00,112.0
1220,22:05:00,119.0
1221,22:06:00,133.0
1222,22:07:00,127.0
1223,22:08:00,120.0
1224,22:09:00,118.0
1225,22:10:00,123.0
1226,22:11:00,116.0
1227,22:12:00,123.0
1228,22:13:00,121.0
1229,22:14:00,123.0
1230,22:15:00,119.0
1231,22:16:00,113.0
1232,22:17:00,118.0
1233,22:18:00,114.0
1234,22:19:00,115.0
1235,22:20:00,121.0
1236,22:21:00,120.0
1237,22:22:00,107.0
1238,22:23:00,106.0
1239,22:24:00,109.0
1240,22:25:00,103.0
1241,22:26:00,102.0
1242,22:27:00,107.0
1243,22:28:00,110.0
1244,22:29:00,108.0
1245,22:30:00,113.0
1246,22:31:00,116.0
1247,22:32:00,109.0
1248,22:33:00,101.0
1249,22:34:00,96.0
1250,22:35:00,89.0
1251,22:36:00,90.0
1252,22:37:00,89.0
1253,22:38:00,90.0
1254,22:39:00,88.0
1255,22:40:00,90.0
1256,22:41:00,88.0
1257,22:42:00,88.0
1258,22:43:00,86.0
1259,22:44:00,85.0
1260,22:45:00,84.0
1261,22:46:00,83.0
1262,22:47:00,90.0
1263,22:48:00,87.0
1264,22:49:00,86.0
1265,22:50:00,90.0
1266,22:51:00,81.0
1267,22:52:00,80.0
1268,22:53:00,86.0
1269,22:54:00,85.0
1270,22:55:00,88.0
1271,22:56:00,85.0
1272,22:57:00,90.0
1273,22:58:00,92.0
1274,22:59:00,80.0
1275,23:00:00,95.0
1276,23:01:00,103.0
1277,23:02:00,89.0
1278,23:03:00,98.0
1279,23:04:00,105.0
1280,23:05:00,136.0
1281,23:06:00,144.0
1282,23:07:00,153.0
1283,23:08:00,146.0
1284,23:09:00,133.0
1285,23:10:00,132.0
1286,23:11:00,115.0
1287,23:12:00,116.0
1288,23:13:00,116.0
1289,23:14:00,115.0
1290,23:15:00,114.0
1291,23:16:00,113.0
1292,23:17:00,110.0
1293,23:18:00,109.0
1294,23:19:00,108.0
1295,23:20:00,109.0
1296,23:21:00,108.0
1297,23:22:00,110.0
1298,23:23:00,112.0
1299,23:24:00,113.0
1300,23:25:00,110.0
1301,23:26:00,112.0
1302,23:27:00,107.0
1303,23:28:00,106.0
1304,23:29:00,104.0
1305,23:30:00,105.0
1306,23:31:00,106.0
1307,23:32:00,108.0
1308,23:33:00,109.0
1309,23:34:00,107.0
1310,23:35:00,117.0
1311,23:36:00,124.0
1312,23:37:00,131.0
1313,23:38:00,137.0
1314,23:39:00,140.0
1315,23:40:00,140.0
1316,23:41:00,136.0
1317,23:42:00,121.0
1318,23:43:00,106.0
1319,23:44:00,82.0
1320,23:45:00,77.0
1321,23:46:00,91.0
1322,23:47:00,98.0
1323,23:48:00,103.0
1324,23:49:00,100.0
1325,23:50:00,103.0
1326,23:51:00,103.0
1327,23:52:00,105.0
1328,23:53:00,108.0
1329,23:54:00,107.0
1330,23:55:00,108.0
1331,23:56:00,105.0
1332,23:57:00,106.0
1333,23:58:00,106.0
1334,23:59:00,107.0
